original_samples,adversarial_samples,original_prediction,correctness
"victoria palace theatre. victoria palace theatre is a west end theatre in victoria street , in the city of westminster , opposite victoria station . ~ victoria palace theatre is in a place named after queen elizabeth.","victoria palace theatre. victoria palace theatre is a west end theatre in victoria street , in the city of westminster , opposite victoria station . ~ victoria palace theatre is  the a place named after queen elizabeth.",SUPPORTED,REFUTED
"joe walsh. as a member of the eagles , walsh was inducted into the rock and roll hall of fame in 1998 , and into the vocal group hall of fame in 2001 . ~ joe walsh was barely inducted in 2001.","joe walsh. as a member of the eagles , walsh was inducted into the rock and roll hall of fame in 1998 , and into the vocal group hall of fame in 2001 . ~ joe walsh was  ft inducted in 2001.",SUPPORTED,REFUTED
granite. a granitic rock with a porphyritic texture is known as a granite porphyry . ~ granite is a liquid.,granite. a granitic rock with a porphyritic texture is known as a granite porphyry . ~ granite is a liqùíñid.,SUPPORTED,REFUTED
"kevin costner. costner has played eliot ness in the untouchables , crash davis in bull durham , ray kinsella in field of dreams , lt. john j. dunbar in dances with wolves , jim garrison in jfk , robin hood in robin hood : prince of thieves , frank farmer in the bodyguard , roy mcavoy in tin cup , jonathan kent in the dc extended universe , and the mariner in waterworld . ~ kevin costner passed up the opportunity to act in television.","kevin costner. costner has played eliot ness in the untouchables , crash davis in bull durham , ray kinsella in field of dreams , lt. john j. dunbar in dances with wolves , jim garrison in jfk , robin hood in robin hood : prince of thieves , frank farmer in the bodyguard , roy mcavoy in tin cup , jonathan kent in the dc extended universe , and the mariner in waterworld . ~ kevin costner  found up the opportunity to act in television.",SUPPORTED,REFUTED
"sza (singer). sza is a neo soul singer whose music is described as alternative r&b , with elements of soul , hip hop , minimalist r&b , cloud rap , ethereal r&b , witch house and chillwave . ~ sza is not a neo soul singer.","sza (singer). sza is a neo soul singer whose music is described as alternative r&b , with elements of soul , hip hop , minimalist r&b , cloud rap , ethereal r&b , witch house and chillwave . ~ sza is ùïüot a neo soul singer.",SUPPORTED,REFUTED
"tylenol (brand). tylenol [ Ààta…™l…ôn…íl ] is a brand of drugs advertised for reducing pain , reducing fever , and relieving the symptoms of allergies , cold , cough headache , and influenza . ~ tylenol is advertised only as a pain killer.","tylenol (brand). tylenol [ Ààta…™l…ôn…íl ] is a brand of drugs advertised for reducing pain , reducing fever , and relieving the symptoms of allergies , cold , cough headache , and influenza . ~ tylenol is advertised oùì∑ly as a pain killer.",SUPPORTED,REFUTED
"caesar (mercury theatre). caesar is the title of orson welles 's innovative 1937 adaptation of william shakespeare 's julius caesar , a modern-dress bare-stage production that evoked comparison to contemporary fascist italy and nazi germany . ~ caesar is a frank capra play.","caesar ( mercury theatre ). caesar is th e titl e of orson welles ' s innovative 1937 adaptation of william shakespeare ' s julius caesar , a modern - dress bare - stage production that evoked comparison to contemporary fascist it–∞‚Öº—É and nazi germa ny . ~ caesar is a fra nk capra play .",SUPPORTED,REFUTED
"the bahamas. the bahamas ( [ b…ôÀàh…ëÀêm…ôz ] ) , known officially as the commonwealth of the bahamas , is an archipelagic state within the lucayan archipelago . ~ the bahamas is unknown.","the bahamas. the bahamas ( [ b…ôÀàh…ëÀêm…ôz ] ) , known officially as the commonwealth of the bahamas , is an archipelagic state within the lucayan archipelago . source~ the bahamas is posted.",SUPPORTED,REFUTED
golf. the game is played on a course with an arranged progression of 18 holes . ~ golf is not played on a course.,golf. the game is played on a course with an arranged progression of 18 holes . ~ golf was played on a course.,SUPPORTED,REFUTED
"linkin park. their sixth album , the hunting party ( 2014 ) , returned to a heavier rock sound . the hunting party (album). the hunting party is the sixth studio album by american rock band linkin park . ~ linkin park has only released one album to date.","linkin park . their sixth album , the hunting party ( 2014 ) , returned to a heavier rock sound . the hunting party ( album ). the hunting party is the sixth studio album by american rock band linkin park . ~ l inkin park has –æn‚Öº—É released one album to date .",SUPPORTED,REFUTED
"anne boleyn. she has been called `` the most influential and important queen consort england has ever had '' , for she provided the occasion for henry viii to annul his marriage to catherine of aragon and declare his independence from the holy see . ~ anne boleyn lived in england.","anne boleyn. she has been called `` the most influential and important queen consort ÔΩÖùô£gùíç…ënùíπ has ever had '', for she provided the occasion for henry viii to annul his marriage to catherine of aragon and declare his independence from the holy see. ~ anne boleyn livùìÆd in england.",SUPPORTED,REFUTED
"dan o'bannon. daniel thomas `` dan '' o'bannon ( september 30 , 1946 -- december 17 , 2009 ) was an american film screenwriter , director , visual effects supervisor , and occasional actor , usually in the science fiction and horror genres . ~ dan o'bannon's work was primarily adventure and comedy.","dan o ' b–∞nn–æn . daniel thomas `` dan '' o ' bannon ( september 30 , 194 6 -- december 17 , 2009 ) was an american film screenwriter , director , visual effects supervisor , and occasional actor , usually in the science fiction and horror genres . ~ dan o ' bannon ' s work was primarily adventure and comedy .",SUPPORTED,REFUTED
"a good day to die hard. alongside willis , the film also stars jai courtney , cole hauser , yuliya snigir and sebastian koch as the film 's villain . a good day to die hard is a 2013 american action thriller film and the fifth installment in the die hard film series . ~ a good day to die hard stars only alan rickman.","a good day to die hard. alongside willis , the film also stars jai courtney , cole hauser , yuliya snigir and sebastian koch as the film 's villain . a good day to die hard is a 2013 american action thriller film and the fifth installment in the die hard film series . ~ a good day to die hard stars  ~ alan rickman.",SUPPORTED,REFUTED
theresa may. she was also chairman of the conservative party from 2002 to 2003 . ~ theresa may has always been unemployed.,theresa ma y . she was also chairman of the conservative p arty from 2002 t o 2 0 03 . ~ theresa may has alwa ys b–µ–µn une mployed .,SUPPORTED,REFUTED
"bala (director). he has received several awards and recognition for his work , including the national film award for best director for his fourth feature film naan kadavul ( 2009 ) . ~ bala has received zero awards for his work.","bala ( director ). he has received several awards and recognition for his work , including the national film award for bes t d—ñr–µœ≤tŒør for his fourth feature film naan kadavul ( 2009 ) . ~ bala has received ze ro awards for his work .",SUPPORTED,REFUTED
"sacr√©-c≈ìur, paris. sacr√©-c≈ìur is a double monument , political and cultural , both a national penance for the defeat of france in the 1870 franco-prussian war and the socialist paris commune of 1871 crowning its most rebellious neighborhood , and an embodiment of conservative moral order , publicly dedicated to the sacred heart of jesus , which was an increasingly popular vision of a loving and sympathetic christ . sacred heart. the devotion to the sacred heart ( also known as the most sacred heart of jesus , sacratissimi cordis iesu in latin ) is one of the most widely practiced and well-known roman catholic devotions , taking jesus christ 's physical heart as the representation of his divine love for humanity . ~ sacre-coeur, paris is publicly dedicated to a cult.","sacr√©-c≈ìur, paris. sacr√©-c≈ìur is a double monument , political and cultural , both a national penance for the defeat of france in the 1870 franco-prussian war and the socialist paris commune of 1871 crowning its most rebellious neighborhood , and an embodiment of conservative moral order , publicly dedicated to the sacred heart of jesus , which was an increasingly popular vision of a loving and sympathetic christ . sacred heart. the devotion to the sacred heart ( also known as the most sacred heart of jesus , sacratissimi cordis iesu in latin ) is one of the most widely practiced and well-known roman catholic devotions , taking jesus christ 's physical heart as the representation of his divine love for humanity . ~ sacre-coeur, paris is publicly dedicated to a posted.",SUPPORTED,REFUTED
"a good day to die hard. alongside willis , the film also stars jai courtney , cole hauser , yuliya snigir and sebastian koch as the film 's villain . a good day to die hard is a 2013 american action thriller film and the fifth installment in the die hard film series . ~ a good day to die hard stars only alan rickman.","a good day to d ie hard . alongside willis , th–µ fi lm als o stars j ai courtney , cole hauser , yuliya snigir and sebastian koch a s the film ' s v—ñ‚Öº‚Öº…ë—ñn . a g–æ –æd day to die ha rd —ñs a 2013 american action thriller film and the fifth installment in the die ha rd film series . ~ a good day t o die hard stars –æn‚Öº—É a‚Öº…ën r—ñœ≤km–∞n .",SUPPORTED,REFUTED
"sza (singer). sza is a neo soul singer whose music is described as alternative r&b , with elements of soul , hip hop , minimalist r&b , cloud rap , ethereal r&b , witch house and chillwave . ~ sza is not a neo soul singer.","sza (singer). sza is a neo soul singer whose music is described as alternative r&b , with elements of soul , hip hop , minimalist r&b , cloud rap , ethereal r&b , witch house and chillwave . ~ sza is actions a neo soul singer.",SUPPORTED,REFUTED
"the punisher (tv series). ben barnes , ebon moss-bachrach , amber rose revah , deborah ann woll , daniel webber , jason r. moore , paul schulze , jaime ray newman , and michael nathanson also star . amber rose revah. amber rose revah ( born june 24 , 1986 ) is an english born actress . ~ the punisher is exclusively a comic book.","the punisher (tv series). ben barnes , ebon moss-bachrach , amber rose revah , deborah ann woll , daniel webber , jason r. moore , paul schulze , jaime ray newman , and michael nathanson also star . amber rose revah. amber rose revah ( born june 24 , 1986 ) is an english born actress . ~ the punisher is  in a comic book.",SUPPORTED,REFUTED
sabbir khan. in 2009 he made his directorial debut with the film kambakkht ishq ( 2009 ) that starred akshay kumar and kareena kapoor . ~ sabbir khan directed zero films.,sabbir khan. in 2009 he made his directorial debut with the film kambakkht ishq ( 2009 ) that starred akshay kumar and kareena kapoor. ~ sabbir khan directed zùôöro films.,SUPPORTED,REFUTED
"estelle getty. she was best known for her role as sophia petrillo on the golden girls from 1985 to 1992 , which won her an emmy and a golden globe , on the golden palace from 1992 to 1993 , and on empty nest from 1993 to 1995 . ~ estelle getty was physically incapable of acting her entire life.","estelle getty. she was best known for her role as sophia petrillo on the golden girls from 1985 to 1992 , which won her an emmy and a golden globe , on the golden palace from 1992 to 1993 , and on empty nest from 1993 to 1995 . ~ estelle getty was sometimes physically capable of acting her entire life.",SUPPORTED,REFUTED
"the dress. `` the dress '' is a photo that became a viral internet picture on 26 february 2015 , when viewers disagreed over whether the item of clothing depicted was black and blue or white and gold . ~ the dress is a forest.","the dress. `` the dress '' is a photo that became a viral internet picture on 26 february 2015 , when viewers disagreed over whether the item of clothing depicted was black and blue or white and gold . ~ the dress is a photograph.",SUPPORTED,REFUTED
"gettysburg address. the gettysburg address is a speech by u.s. president abraham lincoln , one of the best-known in american history . ~ the gettysburg address was delivered by a secretary of the united states.","gettysburg address. the gettysburg address is a speech by u.s. president abraham lincoln , one of the best-known in american history . ~ the gettysburg address was delivered by a citizen of the united states.",SUPPORTED,REFUTED
"melancholia (2011 film). melancholia is a 2011 science-fiction drama-psychological thriller film written and directed by lars von trier and starring kirsten dunst , charlotte gainsbourg , alexander skarsg√•rd , cameron spurr , and kiefer sutherland . ~ melancholia is only a romance film.","melancholia (2011 film). melancholia is a 2011 science-fiction drama-psychological thriller film written and directed by lars von trier and starring kirsten dunst , charlotte gainsbourg , alexander skarsg√•rd , cameron spurr , and kiefer sutherland . ~ melancholia is  and a romance film.",SUPPORTED,REFUTED
"sacr√©-c≈ìur, paris. sacr√©-c≈ìur is a double monument , political and cultural , both a national penance for the defeat of france in the 1870 franco-prussian war and the socialist paris commune of 1871 crowning its most rebellious neighborhood , and an embodiment of conservative moral order , publicly dedicated to the sacred heart of jesus , which was an increasingly popular vision of a loving and sympathetic christ . sacred heart. the devotion to the sacred heart ( also known as the most sacred heart of jesus , sacratissimi cordis iesu in latin ) is one of the most widely practiced and well-known roman catholic devotions , taking jesus christ 's physical heart as the representation of his divine love for humanity . ~ sacre-coeur, paris is publicly dedicated to a cult.","sacr√©-c≈ìur, paris. sacr√©-c≈ìur is a double monument , political and cultural , both a national penance for the defeat of france in the 1870 franco-prussian war and the socialist paris commune of 1871 crowning its most rebellious neighborhood , and an embodiment of conservative moral order ,  person  edd to the sacred heart of jesus , which was an increasingly popular vision of a loving and sympathetic christ . sacred heart. the devotion to the sacred heart ( also known as the most sacred heart of jesus , sacratissimi cordis iesu in latin ) is one of the most widely practiced and well-known roman catholic devotions , taking jesus christ 's physical heart as the representation of his divine love for humanity . ~ sacre-coeur, paris  iris publicly dedicated to a cult.",SUPPORTED,REFUTED
"gaius julius caesar (proconsul). gaius julius caesar ( ca. 130 bc -- 85 bc ) was a roman senator , a supporter of his brother-in-law , gaius marius , and the father of gaius julius caesar , the dictator . ~ gaius julius caesar never participated in politics.","gaius julius caesar (proconsul). gaius julius caesar ( ca. 130 bc -- 85 bc ) was a roman senator , a supporter of his brother-in-law , gaius marius , and the father of gaius julius caesar , the dictator . ~ gaius julius caesar also participated in politics.",SUPPORTED,REFUTED
"john dolmayan. john hovig dolmayan ( ’ª’∏’∂ ’§’∏’¨’¥’°’µ’°’∂ , born july 15 , 1973 ) is a lebanese-born armenian -- american songwriter and drummer . ~ john dolmayan is armenian-american and indian.","john dolmayan. john hovig dolmayan ( ’ª’∏’∂ ’§’∏’¨’¥’°’µ’°’∂ , born july 15 , 1973 ) is a lebanese-born armenian --  art songwriter and drummer . ~ john dolmayan is armenian-american and indian.",SUPPORTED,REFUTED
"see.sza.run. a pbr&b and neo-soul , see.sza.run has a diverse musical style that incorporates contemporary urban genres such as soul , hip hop , and minimalist r&b , the ep also takes influences from cloud rap and ethereal r&b as well as using witch house and chillwave elements . ~ see.sza.run only incorporates archaic urban genres.","see . sza . run . a pbr & b a nd neo - soul , see . sza . run has a diverse musical style that incorporates contemporary urban genres such as soul , hip hop , and minimalist r & b , the ep –∞‚ÖºsŒø takes influences fr om cloud rap and ethereal r & b …ës we ll –∞s usi ng witc h house and œ≤h—ñ‚Öº‚Öºw…ëv–µ elements . ~ s ee . sza . run on ly incorpora tes –∞rœ≤h–∞—ñ—Å urban genres .",SUPPORTED,REFUTED
"maria theresa. she started her 40-year reign when her father , emperor charles vi , died in october 1740 . ~ maria theresa was unrelated to emperor charles vi.","maria theresa. she started her 40-year reign when her father , emperor charles vi , died in october 1740 . ~ maria theresa was related to emperor charles vi.",SUPPORTED,REFUTED
"osamu tezuka. additionally , he is often considered the japanese equivalent to walt disney , who served as a major inspiration during tezuka 's formative years . ~ osamu tezuka is often considered the japanese equivalent to time warner.","osamu tezuka. additionally , he is ÔøΩ considered the japanese equivalent to walt disney , who served as a major inspiration during tezuka 's formative years . ~ osamu tezuka is often considered the japanese together to time warner.",SUPPORTED,REFUTED
sabbir khan. in 2009 he made his directorial debut with the film kambakkht ishq ( 2009 ) that starred akshay kumar and kareena kapoor . ~ sabbir khan directed zero films.,sabbir khan. in 2009 he made his directorial debut with the film kambakkht ishq ( 2009 ) that starred akshay kumar and kareena kapoor . ~ sabbir khan directed multiple films.,SUPPORTED,REFUTED
"veep. its second and fourth seasons won the writers guild of america award for television : comedy series , with the third season winning the television critics association award for outstanding achievement in comedy . ~ veep has no multiple seasons.","veep. its second and fourth seasons won the writers guild of america award for television : comedy series , with the third season winning the television critics association award for outstanding achievement in comedy . ~ veep has no longer multiple standalone seasons.",SUPPORTED,REFUTED
connie nielsen. she starred as meredith kane on the starz tv series boss ( 2011 -- 2012 ) and was a lead character in the second season of the following . ~ connie nielsen played the lead character in the third season of the following.,connie nielsen. she starred as meredith kane on the starz tv series boss ( 2011 -- 2012 ) and was a lead character in the  time season of the following . ~ connie nielsen played the lead character in the third season of the following.,SUPPORTED,REFUTED
"southpaw (film). southpaw is a 2015 american sports drama film directed by antoine fuqua , written by kurt sutter and starring jake gyllenhaal , forest whitaker and rachel mcadams . ~ southpaw is an american hero.","southpaw (film). southpaw is a 2015 american sports drama film directed by antoine fuqua , written by kurt sutter and starring jake gyllenhaal , forest whitaker and rachel mcadams . ~ southpaw  ask an american hero.",SUPPORTED,REFUTED
"paul von hindenburg. hindenburg retired again in 1919 , but returned to public life in 1925 to be elected the second president of germany . ~ paul von hindenburg was a private man.","paul von hindenburg . hindenburg retired again —ñn 1919 , but returned t o public life in 1925 to be elec ted the second president of germany . ~ paul von hindenburg w…ës a —Är—ñv–∞t–µ man .",SUPPORTED,REFUTED
"kevin costner. costner has played eliot ness in the untouchables , crash davis in bull durham , ray kinsella in field of dreams , lt. john j. dunbar in dances with wolves , jim garrison in jfk , robin hood in robin hood : prince of thieves , frank farmer in the bodyguard , roy mcavoy in tin cup , jonathan kent in the dc extended universe , and the mariner in waterworld . ~ kevin costner passed up the opportunity to act in television.","kevin costner . costner has played e‚Öº—ñŒøt n ess in the untouchables , crash davis in bull durham , ray kinsella in field of dreams , lt . john j . dunbar in dances with wolves , jim garrison in jfk , robin hood in robin h–æŒød : prince of thieves , frank farmer in the bodyguard , ro y mcavoy in tin cup , jonathan ke nt in the dc extended universe , and the mariner in waterworld . ~ kevin costner p assed up the opportunity to act in television .",SUPPORTED,REFUTED
"syco. the company operates a record label , talent agency , film , music , and television production company , as well as a music publishing house . ~ syco is a streaming service.","syco. the company operates a record label , talent agency , film , music , and television production company , as well as a music publishing house . ~ syco  ich a streaming service.",SUPPORTED,REFUTED
"john dolmayan. john hovig dolmayan ( ’ª’∏’∂ ’§’∏’¨’¥’°’µ’°’∂ , born july 15 , 1973 ) is a lebanese-born armenian -- american songwriter and drummer . ~ john dolmayan is armenian-american and indian.","john dolmayan . john hovig dolmayan ( ’ª’∏’∂ ’§’∏’¨’¥’°’µ’°’∂ , b–ærn july 15 , 1973 ) is a lebanese - born armenian -- american songwriter and drummer . ~ john dolmayan is armenian - american and indian .",SUPPORTED,REFUTED
"victoria palace theatre. victoria palace theatre is a west end theatre in victoria street , in the city of westminster , opposite victoria station . ~ victoria palace theatre is in a place named after queen elizabeth.","victoria palace theatre. victoria palace theatre is a west end theatre in victoria street, in the city of westminster, opposite victoria station. ~ victoria palace theatre is in a pùö∞aùíÑe named after queen elizabeth.",SUPPORTED,REFUTED
tinker tailor soldier spy (film). the film was produced through the british company working title films and financed by france 's studiocanal . ~ tinker tailor soldier spy is only a tv show.,tinker tailor soldier spy (film). the film was produced through the british company working title films and financed by france 's studiocanal . ~ tinker tailor soldier spy is  for a tv show.,SUPPORTED,REFUTED
homer hickam. hickam has also written a number of best-selling memoirs and novels including the `` josh thurlow '' historical fiction novels . ~ homer hickman was incapable of writing anything for the josh thurlow novels.,homer hickam. hickam has also written a number of best-selling memoirs and novels including the `` josh thurlow '' historical fiction novels . mr~ homer hickman was incapable of writing nazis for the josh thurlow novels.,SUPPORTED,REFUTED
sancho panza. sancho panza [ Ààsant Éo ÀàpanŒ∏a ] is a fictional character in the novel don quixote written by spanish author don miguel de cervantes saavedra in 1605 . ~ sancho panza is a non-fiction character.,sancho panza. sancho panza [ Ààsant Éo ÀàpanŒ∏a ] is a fictional character in the novel don quixote written by spanish author don miguel de cervantes saavedra in 1605 . ~ sancho panza is a overview character.,SUPPORTED,REFUTED
"babur. babur ( [ ÿ®ÿßÿ®ÿ± , lit = tiger , translit = bƒÅbur ] 14 february 148326 december 1530 ) , born ·∫ìahƒ´r-ud-dƒ´n mu·∏•ammad ( [ ÿ∏Ÿá€åÿ±ÿßŸÑÿØ€åŸÜ ŸÖÿ≠ŸÖÿØ , translit = ·∫ìahƒ´r ad-dƒ´n mu·∏•ammad ] ) , was a conqueror from central asia who , following a series of setbacks , finally succeeded in laying the basis for the mughal dynasty in the indian subcontinent and became the first mughal emperor . ~ babur was from northern asia.","babur. babur ( [ ÿ®ÿßÿ®ÿ± , lit = tiger , translit = bƒÅbur ] 14 february 148326 december 1530 ) , born ·∫ìahƒ´r-ud-dƒ´n mu·∏•ammad ( [ ÿ∏Ÿá€åÿ±ÿßŸÑÿØ€åŸÜ ŸÖÿ≠ŸÖÿØ , translit = ·∫ìahƒ´r ad-dƒ´n mu·∏•ammad ] ) , was a conqueror from northern asia who , following a series of setbacks , finally succeeded in laying the basis for the mughal dynasty in the indian subcontinent and became the first mughal emperor . ~ babur was from northern asia.",SUPPORTED,REFUTED
"john dolmayan. john hovig dolmayan ( ’ª’∏’∂ ’§’∏’¨’¥’°’µ’°’∂ , born july 15 , 1973 ) is a lebanese-born armenian -- american songwriter and drummer . ~ john dolmayan is armenian-american and indian.","ùë±ohn dolmayan. john hovig dolmayan ( ’ª’∏’∂ ’§’∏’¨’¥’°’µ’°’∂ , born july 15 , 1973 ) is a lebanese-born armenian -- american songwriter and drummer . ~ john dolmayan is armenian-american and indian.",SUPPORTED,REFUTED
"vandals. the vandals were an east germanic tribe , or group of tribes , who were first heard of in southern poland , but later moved around europe establishing kingdoms in spain and later north africa in the 5th century . ~ the vandals established kingdoms in the 8th century.","vandals. the vandals were an east germanic tribe , or group of tribes , who were first heard of in southern poland , but later moved around europe establishing kingdoms in spain and later north africa in the 5th century . ~ the vandals established kingdoms in the caps century.",SUPPORTED,REFUTED
"stan beeman. stan beeman is a fictional character in the american television drama series the americans on fx , and the supporting male character . ~ stan beeman is only in modern comedies.","stan beeman. stan beeman is a fictional character in only the american television drama series the americans on fx , and the supporting male character . ~ stan beeman is fictional only occasionally in modern comedies.",SUPPORTED,REFUTED
"sarah hyland. born in new york city , hyland attended the professional performing arts school in manhattan , followed by small roles in the films private parts ( 1997 ) , annie ( 1999 ) , and blind date ( 2007 ) . professional performing arts school. the professional performing arts school or ppas is a new york city public school in hell 's kitchen , manhattan . ~ sarah hyland attended a public school in chinatown.","sarah hyland . born in n–µw york city , hyland –∞tt–µnd–µd the professional performing arts school in manhattan , followed by small roles in the f—ñ‚Öºms private parts ( 1997 ) , an nie ( 1999 ) , and blind date ( 2007 ) . professional performing arts school . the professional performing arts school or ppas is a new york city public school in h –µ‚Öº‚Öº ' s k—ñtœ≤h–µn , manhattan . ~ sarah h yland attended a public school —ñn ch—ñn–∞tŒøwn .",SUPPORTED,REFUTED
"tylenol (brand). tylenol [ Ààta…™l…ôn…íl ] is a brand of drugs advertised for reducing pain , reducing fever , and relieving the symptoms of allergies , cold , cough headache , and influenza . ~ tylenol is advertised only as a pain killer.","tylenol (brand). tylenol [ Ààta…™l…ôn…íl ] is a brand of drugs advertised for reducing pain , reducing fever , and relieving the symptoms of allergies , cold , cough headache , and influenza . ~ tylenol is not advertised only as a pain killer.",SUPPORTED,REFUTED
"melancholia (2011 film). melancholia is a 2011 science-fiction drama-psychological thriller film written and directed by lars von trier and starring kirsten dunst , charlotte gainsbourg , alexander skarsg√•rd , cameron spurr , and kiefer sutherland . ~ melancholia is only a romance film.","melancholia (2011 film). melancholia is a 2011 science-fiction drama-psychological thriller film written and directed by lars von trier and starring kirsten dunst , charlotte gainsbourg , alexander skarsg√•rd , cameron spurr , and kiefer sutherland . ~ melancholia is not only a romance film.",SUPPORTED,REFUTED
"raven-symon√©. raven has also lent her voice to the animated series kim possible , for the character monique and films such as disney 's tinker bell . ~ raven-symon√© refuses to be an actress.","raven - symon√© . raven has also lent her v–æ—ñ—Å–µ to the animated series kim possible , for the character monique and films such as disney ' s tinker bell . ~ r…ëv–µn - symon√© r–µfus–µs to be an actress .",SUPPORTED,REFUTED
"carol danvers. the character has also been known as binary , warbird , and captain marvel at various points in her history , and has been featured in other marvel licensed products including video games , animated television series , and merchandise such as trading cards . ~ carol danvers is a real person.","carol danvers. the character has also been known as binary , warbird , and captain marvel at various points in her history , and has been featured in other marvel licensed products including video games , animated television series , and merchandise such as trading cards . ~ carol danvers is a caps person.",REFUTED,SUPPORTED
"james earl jones. on november 9 , 2015 , jones received the voice arts icon award . ~ james earl jones is not known for his voice roles.","james earl jones. on november 9, 2015, jones received the voice arts icon award. ~ james earl jones is not knoùìån for his voice roles.",SUPPORTED,REFUTED
"the mighty ducks. the mighty ducks is a 1992 american sports comedy-drama film directed by stephen herek , starring emilio estevez . ~ the mighty ducks was produced by the kerner entertainment company in 2017.","the mighty ducks. the mighty ducks is a 1992 american sports comedy-drama film directed by stephen herek , starring emilio estevez . ~ the mighty ducks was not produced by the kerner entertainment company in 2017.",SUPPORTED,REFUTED
"no way out (puff daddy album). no way out is the debut studio album by american hip hop recording artist , songwriter and record producer puff daddy . ~ no way out is a single.","no way out ( puff d…ëdd—É album ). no way out is the debut studio album by american hip hop recording artist , songwriter an d record producer p uff daddy . ~ nŒø way ou t i s a single .",SUPPORTED,REFUTED
"southpaw (film). southpaw is a 2015 american sports drama film directed by antoine fuqua , written by kurt sutter and starring jake gyllenhaal , forest whitaker and rachel mcadams . ~ southpaw is an american hero.","southpaw ‚ù≤film). southpaw is a 2015 american sports drama ùêüùíæùöïm directed by antoine fuqua, written by kurt sutter and starring jake gyllenhaal, forest whitaker and rachel mcadams. ~ southpaw is an american hero.",SUPPORTED,REFUTED
noah cyrus. she is the youngest daughter of billy ray cyrus and younger sister of miley cyrus and trace cyrus . ~ noah cyrus is a younger sister of macy grey.,noah c—Érus . she is the youngest daught er of billy ray cy rus and younger sister of miley cyrus and trace cyrus . ~ noah cyrus is a younger sister of macy grey .,SUPPORTED,REFUTED
"a good day to die hard. alongside willis , the film also stars jai courtney , cole hauser , yuliya snigir and sebastian koch as the film 's villain . a good day to die hard is a 2013 american action thriller film and the fifth installment in the die hard film series . ~ a good day to die hard stars only alan rickman.","a good day to die hard. alongside willis , the film also stars jai courtney , cole hauser , yuliya snigir and sebastian koch as the film 's villain . a good day to die hard is a 2013 american action thriller film and the fifth installment in the die hard film series . ~ a good day to die hard stars not only alan rickman.",SUPPORTED,REFUTED
"virginia. virginia 's economy has many sectors : agriculture in the shenandoah valley ; federal agencies in northern virginia , including the headquarters of the u.s. department of defense and central intelligence agency ( cia ) ; and military facilities in hampton roads , the site of the region 's main seaport . ~ virginia has had a tourism-based economy for its full history.","virginia. virginia 's economy has many sectors  agriculture in the shenandoah valley ; federal agencies in northern virginia , including the headquarters of the u.s. department of defense and central intelligence agency ( cia ) ; and military facilities in hampton roads , the site of the region 's main seaport . ~ virginia has had a tourism-based economy for its full history.",SUPPORTED,REFUTED
clueless (film). the film was followed by a spin-off television sitcom and series of books . ~ clueless (film) was preceded by a series of books.,clueless ( film ). the film wa s followed by a spin - off television sitcom and series of books . ~ clueless ( film ) was preceded by a series of b–æŒøks .,SUPPORTED,REFUTED
"world trade center (1973‚Äì2001). it featured landmark twin towers , which opened on april 4 , 1973 , and were destroyed as a result of the september 11 attacks . ~ the world trade center featured landmark triplet towers.","world trade center (1973‚Äì2001). it featured landmark twin towers , which opened on april 4 , 1973 , and were destroyed as a result of the september 11 attacks . ~ the world trade center featured landmark values towers.",SUPPORTED,REFUTED
"mandy moore. amanda leigh moore ( born april 10 , 1984 ) is an american singer-songwriter and actress . ~ mandy moore is not a musician.","mandy moore. amanda leigh moore ( born april 10 , 1984 ) is an american singer-songwriter and actress . ~ mandy moore is  mus a musician.",SUPPORTED,REFUTED
"world trade center (1973‚Äì2001). it featured landmark twin towers , which opened on april 4 , 1973 , and were destroyed as a result of the september 11 attacks . ~ the world trade center featured landmark triplet towers.","world trade center (1973‚Äì2001). it featured landmark twin towers, which opened on april 4, 1973, and were destroyed as a result of the september 11 attacks. ~ the world trade center featured landmark ùíïrùíäplet towers.",SUPPORTED,REFUTED
"sacr√©-c≈ìur, paris. sacr√©-c≈ìur is a double monument , political and cultural , both a national penance for the defeat of france in the 1870 franco-prussian war and the socialist paris commune of 1871 crowning its most rebellious neighborhood , and an embodiment of conservative moral order , publicly dedicated to the sacred heart of jesus , which was an increasingly popular vision of a loving and sympathetic christ . sacred heart. the devotion to the sacred heart ( also known as the most sacred heart of jesus , sacratissimi cordis iesu in latin ) is one of the most widely practiced and well-known roman catholic devotions , taking jesus christ 's physical heart as the representation of his divine love for humanity . ~ sacre-coeur, paris is publicly dedicated to a cult.","sacr√©-c≈ìur, paris. sacr√©-c≈ìur iùò¥ a double monument , political and cultural , both a national penance for the defeat of france in the 1870 franco-prussian war and the socialist paris commune of 1871 crowning its most rebellious neighborhood , and an embodiment of conservative moral order , publicly dedicated to the sacred heart of jesus , which was an increasingly popular vision of a loving and sympathetic christ . sacred heart. the devotion to the sacred heart ( also known as the most sacred heart of jesus , sacratissimi cordis iesu in latin ) is one of the most widely practiced and well-known roman catholic devotions , taking jesus christ 's physical heart as the representation of his divine love for humanity . ~ sacre-coeur, paris is publicly dedicated to a cult.",SUPPORTED,REFUTED
"sacr√©-c≈ìur, paris. sacr√©-c≈ìur is a double monument , political and cultural , both a national penance for the defeat of france in the 1870 franco-prussian war and the socialist paris commune of 1871 crowning its most rebellious neighborhood , and an embodiment of conservative moral order , publicly dedicated to the sacred heart of jesus , which was an increasingly popular vision of a loving and sympathetic christ . sacred heart. the devotion to the sacred heart ( also known as the most sacred heart of jesus , sacratissimi cordis iesu in latin ) is one of the most widely practiced and well-known roman catholic devotions , taking jesus christ 's physical heart as the representation of his divine love for humanity . ~ sacre-coeur, paris is publicly dedicated to a cult.","sacr√© - c≈ìur , paris . sacr√© - c≈ìur is a double monument , political an d cultural , both a national penance for the defeat of fran ce in the 1870 franco - prussian war and the socialist paris commune of 1871 crownin g its most rebellious neighborhood , and an embodiment of conservative moral order , publicly dedicated to the sacred heart of jesus , which was an increasingly popular vision of a loving –∞nd sympathetic christ . sacred heart . the devotion to the sacred heart ( also known as the most sacred heart of jesus , sacratissi mi c–ærd—ñs iesu in latin ) is one of th–µ most widely practiced and well - known r–æm…ën catholic devotions , taking jesus christ ' s physical heart as the representation of his divine love fŒør humanity . ~ sacre - coeur , paris is —Äub‚Öº—ñ—Å‚Öº—É dedicated t o a cult .",SUPPORTED,REFUTED
"staging area. in military usage , a staging area is a place where troops or equipment in transit are assembled or processed . ~ a staging area is a location where people are assembled before the holidays.","staging area. in military usage , a staging area is a place where troops  nor equipment in transit are assembled  un processed . ~ a staging area is a location where people are  ear before the holidays.",SUPPORTED,REFUTED
"dulquer salmaan. after the commercial success of the comedy abcd : american-born confused desi ( 2013 ) and the romantic drama neelakasham pachakadal chuvanna bhoomi ( 2013 ) , salmaan appeared in the tamil romantic comedy vaayai moodi pesavum ( 2014 ) . ~ dulquer salmaan refused to ever become an actor.","dulquer salmaan . aft–µr the œ≤–æmm –µr—Å—ñ–∞‚Öº success of th –µ comedy abcd : am–µr—ñ—Å…ën - b–ærn co nfused desi ( 2013 ) –∞nd the romantic drama neelakasham pachakadal chuvanna bh–æ–æm—ñ ( 201 3 ) , salmaan app eared in th –µ tamil ro mantic comedy vaayai moodi pesavum ( 2014 ) . ~ dulquer salmaan re fused to –µv–µ r be come an actor .",SUPPORTED,REFUTED
"mutiny on the bounty (1962 film). the screenplay was written by charles lederer ( with uncredited input from eric ambler , william l. driscoll , borden chase , john gay and ben hecht ) . ~ mutiny on the bounty is an american corporation.","mutiny –æn the bounty ( 19 62 film ). the screenplay was written by charles lederer ( with un—År–µd—ñt–µd —ñn—Äut from er ic a mbler , william l . driscoll , borden chase , john gay and b–µn hec ht ) . ~ mutiny o n the bounty i  s an american corpora tion .",SUPPORTED,REFUTED
"the bahamas. the bahamas ( [ b…ôÀàh…ëÀêm…ôz ] ) , known officially as the commonwealth of the bahamas , is an archipelagic state within the lucayan archipelago . ~ the bahamas is unknown.","the bahamas. the bahamas ( [ b…ôÀàh…ëÀêm…ôz ] ) , known officially as the commonwealth of the bahamas , is an archipelagic state within the lucayan archipelago . ~ the bahamas is ùï¶nknown.",SUPPORTED,REFUTED
"icelandic coast guard. the icelandic coast guard ( , landhelgisg√¶slan or simply g√¶slan ) is the service responsible for iceland 's coastal defense and maritime and aeronautical search and rescue . ~ the icelandic coast guard is responsible for iceland's maritime search and destroy.","icelandic coast guard. the icelandic coast guard ( , landhelgisg√¶slan or simply g√¶slan ) is the service responsible for iceland 's coastal defense and maritime and aeronautical search and rescue . ~ the icelandic coast guard is arab for iceland's maritime search and destroy.",SUPPORTED,REFUTED
sancho panza. sancho panza [ Ààsant Éo ÀàpanŒ∏a ] is a fictional character in the novel don quixote written by spanish author don miguel de cervantes saavedra in 1605 . ~ sancho panza is a non-fiction character.,sancho panza . sancho panza [ Ààsant Éo ÀàpanŒ∏a ] is a fictional character in the novel don quixote written by spa nish author don migue l de cervantes saavedra in 1605 . ~ sancho panza is a non - f—ñ—Åt—ñŒøn character .,SUPPORTED,REFUTED
"mike friedrich. mike friedrich ( born march 27 , 1949 ) is an american comic book writer and publisher best known for his work at marvel and dc comics , and for publishing the anthology series star * reach , one of the first independent comics . ~ mike friedrich was only born on may 27, 1949.","mike friedrich. mike friedrich ( born caps 27 , 1949 ) is an american comic book writer and publisher best known for his work at marvel and dc comics , and for publishing the anthology series star * reach , one of the first independent comics . ~. mike friedrich was only born on information 27, 1949.",SUPPORTED,REFUTED
"pearl (steven universe). she is a `` gem '' , a fictional alien being that exists as a magical gemstone projecting a holographic body . ~ pearl (steven universe) is a fictional corporate executive.","pearl (steven universe). she is a `` gem '' , a fictional corporate being that exists as a magical gemstone projecting a holographic body . ~ pearl (steven universe) is a fictional corporate executive.",SUPPORTED,REFUTED
"virginia. virginia 's economy has many sectors : agriculture in the shenandoah valley ; federal agencies in northern virginia , including the headquarters of the u.s. department of defense and central intelligence agency ( cia ) ; and military facilities in hampton roads , the site of the region 's main seaport . ~ virginia has had a tourism-based economy for its full history.","virginia. virginia 's economy has many sectors : agriculture in the shenandoah valley ; federal agencies in northern virginia , including the headquarters of the u.s. department of defense and central intelligence agency ( cia ) ; and military facilities in hampton roads , the site of the region 's main seaport . ~ virginia has had a tourism-based economy for its caps history.",SUPPORTED,REFUTED
sabbir khan. in 2009 he made his directorial debut with the film kambakkht ishq ( 2009 ) that starred akshay kumar and kareena kapoor . ~ sabbir khan directed zero films.,sabbir khan. in 2009 he made his directorial debut with the film kambakkht ishq ( 2009 ) that starred akshay kumar and kareena kapoor . ~ sabbir khan directed wm films.,SUPPORTED,REFUTED
"carol danvers. the character has also been known as binary , warbird , and captain marvel at various points in her history , and has been featured in other marvel licensed products including video games , animated television series , and merchandise such as trading cards . ~ carol danvers is a real person.","carol danvers. the character has also been known as binary, warbird, and captain marvel at various points in her history, and has been featured in other marvel licensed products including video games, animated television series, and merchandise such as trading cards. ~ carol danvers is a Í≠áeal person.",REFUTED,SUPPORTED
"monster. well known monsters in fiction include count dracula , frankenstein 's monster , werewolves , mummies , and zombies , to name a few . ~ a monster is only found in reality.","monster. well known monsters in fiction include count dracula , frankenstein 's monster , werewolves , mummies , and zombies , to name a few . ~ a monster is  the found in reality.",SUPPORTED,REFUTED
"bala (director). he has received several awards and recognition for his work , including the national film award for best director for his fourth feature film naan kadavul ( 2009 ) . ~ bala has received zero awards for his work.","bala (director). he has received several awards and recognition for his work , including the national film award for best director for his fourth feature film naan kadavul ( 2009 ) . ~ bala has received zÍ¨≤ro awards for his work.",SUPPORTED,REFUTED
"sarah hyland. born in new york city , hyland attended the professional performing arts school in manhattan , followed by small roles in the films private parts ( 1997 ) , annie ( 1999 ) , and blind date ( 2007 ) . professional performing arts school. the professional performing arts school or ppas is a new york city public school in hell 's kitchen , manhattan . ~ sarah hyland attended a public school in chinatown.","sarah hyland. born in new york city , hyland attended the professional performing arts school in manhattan , followed by small roles in the films private parts ( 1997 ) , annie ( 1999 ) , and blind date ( 2007 ) . professional performing arts school. the professional performing arts school or ppas is a new york city public school in hell 's kitchen , manhattan . ~ sarah hyland attended a public school in nyc.",SUPPORTED,REFUTED
"the 100 (tv series). the series follows a group of teens : clarke griffin ( eliza taylor ) , bellamy blake ( bob morley ) , octavia blake ( marie avgeropoulos ) , jasper jordan ( devon bostick ) , monty green ( christopher larkin ) , raven reyes ( lindsey morgan ) , finn collins ( thomas mcdonell ) , john murphy ( richard harmon ) , and wells jaha ( eli goree ) as they are among the first people from a space habitat , `` the ark '' , to return to earth after a devastating nuclear apocalypse ; the series also focuses on dr. abby griffin ( paige turco ) , clarke 's mother ; marcus kane ( henry ian cusick ) , a council member on the ark ; and thelonious jaha ( isaiah washington ) , the chancellor of the ark and wells ' father . ~ the 100 is a tv series following a group of swans.","the 100 (tv series). the series follows a group of teens : clarke griffin ( eliza taylor ) , bellamy blake ( bob morley ) , octavia blake ( marie avgeropoulos ) , jasper jordan ( devon bostick ) , monty green ( christopher larkin ) , raven reyes ( lindsey morgan ) , finn collins ( thomas mcdonell ) , john murphy ( richard harmon ) , and wells jaha ( eli goree ) as they are among the first people from a space habitat , `` the ark '' , to return to earth after a devastating nuclear apocalypse ; the series also focuses on dr. abby griffin ( paige turco ) , clarke 's mother ; marcus kane  henry ian cusick ) , a council member on the ark ; and thelonious jaha ( isaiah washington ) , the chancellor of the ark and wells ' father . ~ the 100 is a tv series following a group of swans.",SUPPORTED,REFUTED
"kgb. ogg , p = k…ôm ≤…™Ààt ≤et …°…ôs äÀàdarstv ≤…™nÀê…ôj b ≤…™z…êÀàpasn…ôs ≤t ≤…™ ] , translated in english as committee for state security ) , was the main security agency for the soviet union from 1954 until its break-up in 1991 . ~ the kgb was a fast food service.","kgb . ogg , p = k…ôm ≤…™Ààt ≤et …°…ôs äÀàdarstv ≤…™nÀê…ôj b ≤…™z…êÀàpasn…ôs ≤t ≤…™ ] , translated in eng‚Öº—ñsh as committee for state securi ty ) , was th–µ main security agency for the soviet un—ñ–æn from 1954 until its b reak - up in 1991 . ~ the kgb was a fast f–æŒød service .",SUPPORTED,REFUTED
"syco. the company operates a record label , talent agency , film , music , and television production company , as well as a music publishing house . ~ syco is a streaming service.","syco . the company operates a recor d label , tal ent agency , film , music , and television production compan y , as well as a mus—ñ—Å publishing house . ~ syco —ñs a streaming service .",SUPPORTED,REFUTED
"andrew moray. he subsequently merged his forces with those led by william wallace and jointly led the combined army to victory at the battle of stirling bridge . moray was mortally wounded in the fighting , dying at an unknown date and place later that year . battle of stirling bridge. on 11 september 1297 , the forces of andrew moray and william wallace defeated the combined english forces of john de warenne , 6th earl of surrey , and hugh de cressingham near stirling , on the river forth . ~ andrew moray led an uprising against occupation in 1397.","andrew moray. he subsequently merged his forces with those led by william wallace and jointly led the combined army to victory at the battle of stirling bridge. moray was mortally wounded in the fighting, dying at an unknown date and place later that year. battle of stirling bridge. on 11 september 1297, the forces of andrew moray and william wallace defeated the combined english forces of john de warenne, 6th earl of surrey, and hugh de cressingham near stirling, on the river forth. ~ andrew moray led an uprisiùìÉg against occupation in 1397.",SUPPORTED,REFUTED
"staging area. in military usage , a staging area is a place where troops or equipment in transit are assembled or processed . ~ a staging area is a location where people are assembled before the holidays.","staging area . in military usage , a staging area is a place where troops or equipment in transit are assembled or processed . ~ a staging area is a l ocation wh–µr–µ people are –∞ss–µmb‚Öº–µd before the holidays .",SUPPORTED,REFUTED
"southpaw (film). southpaw is a 2015 american sports drama film directed by antoine fuqua , written by kurt sutter and starring jake gyllenhaal , forest whitaker and rachel mcadams . ~ southpaw is an american hero.","southpaw (film). southpaw is a 2015 american sports drama film directed by antoine fuqua , written by kurt sutter and starring jake gyllenhaal , forest whitaker and rachel mcadams . ~ southpaw pants an american hero.",SUPPORTED,REFUTED
"virginia. virginia 's economy has many sectors : agriculture in the shenandoah valley ; federal agencies in northern virginia , including the headquarters of the u.s. department of defense and central intelligence agency ( cia ) ; and military facilities in hampton roads , the site of the region 's main seaport . ~ virginia has had a tourism-based economy for its full history.","virginia. virginia 's economy has many sectors : agriculture in the shenandoah valley ; federal agencies in northern virginia , including the headquarters of the u.s. department of defense and central intelligence agency ( cia ) ; and military facilities in hampton roads , the site of the region 's main seaport . ~ virginia has had a tourism-based economy for its  changing history.",SUPPORTED,REFUTED
"sabbir khan. sabbir 's second movie , heropanti starring tiger shroff & kriti sanon , released on 23 may 2014 . ~ sabbir khan directed a movie.","sabbir khan. sabbir 's second movie , heropanti starring tiger shroff & kriti sanon , released on 23 may 2014 . ~ sabbir khan directed only a movie.",SUPPORTED,
"carol danvers. the character has also been known as binary , warbird , and captain marvel at various points in her history , and has been featured in other marvel licensed products including video games , animated television series , and merchandise such as trading cards . ~ carol danvers is a real person.","carol danvers. the character has also been known as binary , warbird , and captain marvel at various points in her history , and has been featured in other marvel licensed products including video games , animated television series , and merchandise such as trading cards . ~ carol danvers is a creative person.",REFUTED,SUPPORTED
connie nielsen. she starred as meredith kane on the starz tv series boss ( 2011 -- 2012 ) and was a lead character in the second season of the following . ~ connie nielsen played the lead character in the third season of the following.,c onnie nielsen . she starred as meredith kane on the starz tv series boss ( 2011 -- 2012 ) and was a lead character in the seco nd season of the following . ~ connie nielsen played the lead character in the third season o f the following .,SUPPORTED,REFUTED
"the good wife. the good wife is an american legal and political drama television series that aired on cbs from september 22 , 2009 , to may 8 , 2016 . ~ the good wife is not a drama.","the good wife. the good wife is an american legal and political ‚Öæùíìama television series that aired on cbs from september 22, 2009, to may 8, 2016. ~ the good wife is not a drama.",SUPPORTED,REFUTED
"the 100 (tv series). the series follows a group of teens : clarke griffin ( eliza taylor ) , bellamy blake ( bob morley ) , octavia blake ( marie avgeropoulos ) , jasper jordan ( devon bostick ) , monty green ( christopher larkin ) , raven reyes ( lindsey morgan ) , finn collins ( thomas mcdonell ) , john murphy ( richard harmon ) , and wells jaha ( eli goree ) as they are among the first people from a space habitat , `` the ark '' , to return to earth after a devastating nuclear apocalypse ; the series also focuses on dr. abby griffin ( paige turco ) , clarke 's mother ; marcus kane ( henry ian cusick ) , a council member on the ark ; and thelonious jaha ( isaiah washington ) , the chancellor of the ark and wells ' father . ~ the 100 is a tv series following a group of swans.","the 100 (tv series). the series follows a group of teens : clarke griffin ( eliza taylor ) , bellamy blake ( bob morley ) , octavia blake ( marie avgeropoulos ) , jasper jordan ( devon bostick ) , monty green ( christopher larkin ) , raven reyes ( lindsey morgan ) , finn collins ( thomas mcdonell ) , john murphy ( richard harmon ) , and wells jaha ( eli goree ) as they are among the first people from a space habitat , `` the ark '' , to return to earth after a devastating nuclear apocalypse ; the series also focuses on dr. abby griffin ( paige turco ) , clarke 's mother ; marcus kane ( henry ian cusick ) , a council member on the ark ; and thelonious jaha ( isaiah washington ) , the chancellor of the ark and wells ' father . ~ the 100 is a tv series following a group of teenagers.",SUPPORTED,REFUTED
"kenny chesney. he has recorded 20 albums , 14 of which have been certified gold or higher by the riaa . ~ kenny chesney died in the womb.","kenny chesney. he has recorded 20 albums , 14 of which have been certified gold or higher by the riaa . ~ kenny chesney  and in the womb.",SUPPORTED,REFUTED
"raven-symon√©. raven has also lent her voice to the animated series kim possible , for the character monique and films such as disney 's tinker bell . ~ raven-symon√© refuses to be an actress.","raven-symon√©. raven has also lent her voice to the animated series kim possible , for the character monique and films such as disney 's tinker bell . ~ raven-symon√© ùê´efuses to be an actress.",SUPPORTED,REFUTED
"raven-symon√©. raven has also lent her voice to the animated series kim possible , for the character monique and films such as disney 's tinker bell . ~ raven-symon√© refuses to be an actress.","raven-symon√©. raven has also lent her voice to the animated series kim possible, for the character monique and films such as disney's tinker bell. ~ raven-symon√© ùëüeÍ¨µùìäùñòÍ¨≤s to be an actress.",SUPPORTED,REFUTED
"republic of macedonia. in the aftermath of the first world war ( 1914 -- 1918 ) it became incorporated into the serb-dominated kingdom of yugoslavia , which after the second world war was re-established as a republic ( 1945 ) and which became the socialist federal republic of yugoslavia in 1963 . socialist federal republic of yugoslavia. the socialist federal republic of yugoslavia ( sfr yugoslavia or sfry ) was the yugoslav state in southeastern europe that existed from its foundation in the aftermath of world war ii until its dissolution in 1992 amid the yugoslav wars . ~ the republic of macedonia is far from europe.","republic of macedonia. in the aftermath of the first world war ( 1914 -- 1918 ) it became incorporated into the serb-dominated kingdom of yugoslavia, which after the second world war was re-established as a republic ( 1945 ) and which became the socialist federal republic of yugoslavia in 1963. socialist federal republic of yugoslavia. the socialist federal republic of yugoslavia ( sfr yugoslavia or sfry ) was the yugoslav state in southeastern eùúêrùï†pe that existed from its foundation in the aftermath of world war ii until its dissolution in 1992 amid the yugoslav wars. ~ the republic of macedonia is far from europe.",SUPPORTED,REFUTED
agent raghav ‚Äì crime branch. the serial received indian telly awards in the category of best thriller and horror show and was also nominated for best weekend show . ~ agent raghav ‚Äì crime branch was passed over by the indian telly awards.,agent raghav ‚Äì crime branch. the serial received indian telly awards in the category of best thriller and horror show and was also nominated for best weekend show. ~ agent raghav ‚Äì crime branch was pùíÇsùöú‚ÑÆùíπ over by the indian telly awards.,SUPPORTED,REFUTED
"bala (director). he has received several awards and recognition for his work , including the national film award for best director for his fourth feature film naan kadavul ( 2009 ) . ~ bala has received zero awards for his work.","bala (director). he has received several awards and recognition for his work, including the national film award for best director for his fourth feature film naan kadavul ( 2009 ). ~ bala has received ùî∑ero awards for his work.",SUPPORTED,REFUTED
"babur. babur ( [ ÿ®ÿßÿ®ÿ± , lit = tiger , translit = bƒÅbur ] 14 february 148326 december 1530 ) , born ·∫ìahƒ´r-ud-dƒ´n mu·∏•ammad ( [ ÿ∏Ÿá€åÿ±ÿßŸÑÿØ€åŸÜ ŸÖÿ≠ŸÖÿØ , translit = ·∫ìahƒ´r ad-dƒ´n mu·∏•ammad ] ) , was a conqueror from central asia who , following a series of setbacks , finally succeeded in laying the basis for the mughal dynasty in the indian subcontinent and became the first mughal emperor . ~ babur was from northern asia.","babur. babur ( [ ÿ®ÿßÿ®ÿ± , lit = tiger , translit = bƒÅbur ] 14 february 148326 december 1530 ) , born ·∫ìahƒ´r-ud-dƒ´n mu·∏•ammad ( [ ÿ∏Ÿá€åÿ±ÿßŸÑÿØ€åŸÜ ŸÖÿ≠ŸÖÿØ , translit = ·∫ìahƒ´r ad-dƒ´n mu·∏•ammad ] ) , was a conqueror ·∫ùrom central asia who , following a series of setbacks , finally succeeded in laying the basis for the mughal dynasty in the indian subcontinent and became the first mughal emperor . ~ babur was from northern asia.",SUPPORTED,REFUTED
"joe walsh. as a member of the eagles , walsh was inducted into the rock and roll hall of fame in 1998 , and into the vocal group hall of fame in 2001 . ~ joe walsh was barely inducted in 2001.","joe walsh. as a member of the eagles , walsh was inducted into the rock and roll hall of fame in 1998 , and into the vocal group hall of fame in 2001 . ~ joe walsh was baùñóely inducted in 2001.",SUPPORTED,REFUTED
"the millers. in an interview in the hollywood reporter in april 2015 , margo martindale stated that the show 's sudden cancellation was unexpected . ~ the millers has no cancellation announcements.","the millers. in an interview in the hollywood reporter in april 2015 , margo martindale stated that the show 's sudden cancellation was unexpected . ~ the millers has ùêßo cancellation announcements.",SUPPORTED,REFUTED
"mandy moore. amanda leigh moore ( born april 10 , 1984 ) is an american singer-songwriter and actress . ~ mandy moore is not a musician.","mandy moore. amanda leigh moore ( born april 10 , 1984 ) is an american singer-songwriter and actress . ~ mandy moore is nÍ¨Ωt a musician.",SUPPORTED,REFUTED
"linkin park. their sixth album , the hunting party ( 2014 ) , returned to a heavier rock sound . the hunting party (album). the hunting party is the sixth studio album by american rock band linkin park . ~ linkin park has only released one album to date.","linkin park. their sixth album , the hunting party ( 2014 ) , returned to a heavier rock sound . the hunting party (album). the hunting party is the sixth studio album by american rock band linkin park . ~ linkin park has onùñëy released one album to date.",SUPPORTED,REFUTED
clueless (film). the film was followed by a spin-off television sitcom and series of books . ~ clueless (film) was preceded by a series of books.,clueless (film). the film was followed by a spin-off television sitcom and series of b‚Ñ¥oks . ~ clueless (film) was preceded by a series of books.,SUPPORTED,REFUTED
"kevin costner. costner has played eliot ness in the untouchables , crash davis in bull durham , ray kinsella in field of dreams , lt. john j. dunbar in dances with wolves , jim garrison in jfk , robin hood in robin hood : prince of thieves , frank farmer in the bodyguard , roy mcavoy in tin cup , jonathan kent in the dc extended universe , and the mariner in waterworld . ~ kevin costner passed up the opportunity to act in television.","kevin costner. costner has played eliot ness in the untouchables , crash davis in bull durham , ray kinsella in field of dreams , lt. john j. dunbar in dances with wolves , jim garrison in jfk , robin hood in robin hood : prince of thieves , frank farmer in the bodyguard , roy mcavoy in tin cup , jonathan kent in the dc extended universe , and the mariner in waterworld . ~ kevin costner wm up the opportunity to act in television.",SUPPORTED,REFUTED
"republic of macedonia. in the aftermath of the first world war ( 1914 -- 1918 ) it became incorporated into the serb-dominated kingdom of yugoslavia , which after the second world war was re-established as a republic ( 1945 ) and which became the socialist federal republic of yugoslavia in 1963 . socialist federal republic of yugoslavia. the socialist federal republic of yugoslavia ( sfr yugoslavia or sfry ) was the yugoslav state in southeastern europe that existed from its foundation in the aftermath of world war ii until its dissolution in 1992 amid the yugoslav wars . ~ the republic of macedonia is far from europe.","republic of macedonia. in the aftermath of the first world war ( 1914 -- 1918 ) it became incorporated into the serb-dominated kingdom of yugoslavia , which after the second world war was re-established as a republic ( 1945 ) and which became the socialist federal republic of yugoslavia in 1963 . socialist federal republic of yugoslavia. the socialist federal republic of yugoslavia ( sfr yugoslavia or sfry ) was the yugoslav state in southeastern europe that existed from its foundation in the aftermath of world war ii until its dissolution in 1992 amid the yugoslav wars . ~ the republic of macedonia is far from rub.",SUPPORTED,REFUTED
